Agente,MÃ³dulo,Datos,Fecha/Hora
"ldap1","bytes_in","0.00","2015-05-12 11:56:26"
"ldap1","bytes_in","0.01","2015-05-12 11:57:46"
"ldap1","bytes_in","0.00","2015-05-12 11:59:52"
"ldap1","bytes_in","0.02","2015-05-12 12:01:53"
"ldap1","bytes_in","0.06","2015-05-12 12:06:56"
"ldap1","bytes_in","0.32","2015-05-12 12:12:00"
"ldap1","bytes_in","0.99","2015-05-12 12:17:03"
"ldap1","bytes_in","1.09","2015-05-12 12:22:07"
"ldap1","bytes_in","1.72","2015-05-12 12:36:47"
"ldap1","bytes_in","0.15","2015-05-12 12:41:51"
"ldap1","bytes_in","0.14","2015-05-12 12:46:54"
"ldap1","bytes_in","2.50","2015-05-12 12:51:58"
"ldap1","bytes_in","0.04","2015-05-12 12:57:02"
"ldap1","bytes_in","2.22","2015-05-12 13:02:05"
"ldap1","bytes_in","2.50","2015-05-12 13:07:10"
"ldap1","bytes_in","0.16","2015-05-12 13:12:13"
"ldap1","bytes_in","0.17","2015-05-12 13:17:18"
"ldap1","bytes_in","0.06","2015-05-12 13:22:21"
"ldap1","bytes_in","0.10","2015-05-12 13:27:25"
"ldap1","bytes_in","0.09","2015-05-12 13:32:29"
"ldap1","bytes_in","0.07","2015-05-12 13:37:32"
"ldap1","bytes_in","0.51","2015-05-12 13:47:40"
"ldap1","bytes_in","0.27","2015-05-12 13:52:43"
"ldap1","bytes_in","0.04","2015-05-12 13:57:47"
"ldap1","bytes_in","0.11","2015-05-12 14:02:50"
"ldap1","bytes_in","0.08","2015-05-12 14:07:54"
"ldap1","bytes_in","2.27","2015-05-12 14:12:57"
"ldap1","bytes_in","0.10","2015-05-12 14:18:01"
"ldap1","bytes_in","0.13","2015-05-12 14:23:05"
"ldap1","bytes_in","0.03","2015-05-12 14:28:08"
"ldap1","bytes_in","0.01","2015-05-12 14:33:12"
"ldap1","bytes_in","0.04","2015-05-12 14:43:19"
"ldap1","bytes_in","0.05","2015-05-12 14:48:22"
"ldap1","bytes_in","0.01","2015-05-12 14:53:26"
"ldap1","bytes_in","0.07","2015-05-12 14:58:29"
"ldap1","bytes_in","0.01","2015-05-12 15:03:33"
"ldap1","bytes_in","0.02","2015-05-12 15:08:36"
"ldap1","bytes_in","1.81","2015-05-12 15:13:40"
"ldap1","bytes_in","0.07","2015-05-12 15:18:43"
"ldap1","bytes_in","0.05","2015-05-12 15:23:47"
"ldap1","bytes_in","1.33","2015-05-12 15:28:51"
"ldap1","bytes_in","0.65","2015-05-12 15:33:55"
"ldap1","bytes_in","2.34","2015-05-12 15:38:59"
"ldap1","bytes_in","1.41","2015-05-12 15:44:02"
"ldap1","bytes_in","0.08","2015-05-12 15:49:06"
"ldap1","bytes_in","0.32","2015-05-12 15:54:09"
"ldap1","bytes_in","0.48","2015-05-12 15:59:13"
"ldap1","bytes_in","0.64","2015-05-12 16:04:17"
"ldap1","bytes_in","0.13","2015-05-12 16:09:21"
"ldap1","bytes_in","2.53","2015-05-12 16:14:25"
"ldap1","bytes_in","1.76","2015-05-12 16:19:28"
"ldap1","bytes_in","0.22","2015-05-12 16:24:32"
"ldap1","bytes_in","0.66","2015-05-12 16:29:36"
"ldap1","bytes_in","4.50","2015-05-12 16:34:39"
"ldap1","bytes_in","0.38","2015-05-12 16:39:43"
"ldap1","bytes_in","0.42","2015-05-12 16:44:46"
"ldap1","bytes_in","1.22","2015-05-12 16:49:50"
"ldap1","bytes_in","0.85","2015-05-12 16:54:54"
"ldap1","bytes_in","2.62","2015-05-12 16:59:58"
"ldap1","bytes_in","0.30","2015-05-12 17:05:02"
"ldap1","bytes_in","0.71","2015-05-12 17:10:05"
"ldap1","bytes_in","0.36","2015-05-12 17:15:09"
"ldap1","bytes_in","0.06","2015-05-12 17:20:12"
"ldap1","bytes_in","2.78","2015-05-12 17:25:16"
"ldap1","bytes_in","0.48","2015-05-12 17:30:19"
"ldap1","bytes_in","1.32","2015-05-12 17:35:23"
"ldap1","bytes_in","1.58","2015-05-12 17:40:27"
"ldap1","bytes_in","0.30","2015-05-12 17:45:30"
"ldap1","bytes_in","3.49","2015-05-12 17:50:34"
"ldap1","bytes_in","0.73","2015-05-12 17:55:37"
"ldap1","bytes_in","0.46","2015-05-12 18:00:41"
"ldap1","bytes_in","0.37","2015-05-12 18:05:45"
"ldap1","bytes_in","0.30","2015-05-12 18:10:48"
"ldap1","bytes_in","0.16","2015-05-12 18:15:52"
"ldap1","bytes_in","0.49","2015-05-12 18:20:56"
"ldap1","bytes_in","1.74","2015-05-12 18:25:59"
"ldap1","bytes_in","0.31","2015-05-12 18:31:03"
"ldap1","bytes_in","0.54","2015-05-12 18:36:06"
"ldap1","bytes_in","0.38","2015-05-12 18:41:10"
"ldap1","bytes_in","3.29","2015-05-12 18:46:14"
"ldap1","bytes_in","1.27","2015-05-12 18:51:17"
"ldap1","bytes_in","1.77","2015-05-12 18:56:21"
"ldap1","bytes_in","0.33","2015-05-12 19:01:25"
"ldap1","bytes_in","0.21","2015-05-12 19:06:29"
"ldap1","bytes_in","0.07","2015-05-12 19:11:32"
"ldap1","bytes_in","0.17","2015-05-12 19:16:36"
"ldap1","bytes_in","0.10","2015-05-12 19:21:40"
"ldap1","bytes_in","0.09","2015-05-12 19:26:45"
"ldap1","bytes_in","0.11","2015-05-12 19:31:49"
"ldap1","bytes_in","0.15","2015-05-12 19:36:52"
"ldap1","bytes_in","0.11","2015-05-12 19:41:56"
"ldap1","bytes_in","0.13","2015-05-12 19:52:03"
"ldap1","bytes_in","0.04","2015-05-12 19:57:06"
"ldap1","bytes_in","1.78","2015-05-12 20:02:11"
"ldap1","bytes_in","1.81","2015-05-12 20:07:14"
"ldap1","bytes_in","1.14","2015-05-12 20:12:18"
"ldap1","bytes_in","0.16","2015-05-12 20:17:22"
"ldap1","bytes_in","2.25","2015-05-12 20:22:25"
"ldap1","bytes_in","0.00","2015-05-12 20:27:29"
"ldap1","bytes_in","0.08","2015-05-13 6:29:28"
"ldap1","bytes_in","0.09","2015-05-13 6:34:32"
"ldap1","bytes_in","3.45","2015-05-13 6:39:37"
"ldap1","bytes_in","10.85","2015-05-13 6:44:42"
"ldap1","bytes_in","5.79","2015-05-13 6:49:52"
"ldap1","bytes_in","0.00","2015-05-13 6:54:55"
"ldap1","bytes_in","0.74","2015-05-13 9:01:21"
"ldap1","bytes_in","0.17","2015-05-13 9:06:24"
"ldap1","bytes_in","0.62","2015-05-13 9:11:28"
"ldap1","bytes_in","2.71","2015-05-13 9:16:31"
"ldap1","bytes_in","1.20","2015-05-13 9:21:35"
"ldap1","bytes_in","0.65","2015-05-13 9:26:38"
"ldap1","bytes_in","0.31","2015-05-13 9:31:42"
"ldap1","bytes_in","2.87","2015-05-13 9:36:46"
"ldap1","bytes_in","0.09","2015-05-13 9:41:49"
"ldap1","bytes_in","0.11","2015-05-13 9:51:56"
"ldap1","bytes_in","0.72","2015-05-13 9:57:00"
"ldap1","bytes_in","0.19","2015-05-13 10:02:03"
"ldap1","bytes_in","1.51","2015-05-13 10:07:07"
"ldap1","bytes_in","3.48","2015-05-13 10:12:10"
"ldap1","bytes_in","0.27","2015-05-13 10:17:14"
"ldap1","bytes_in","0.09","2015-05-13 10:22:18"
"ldap1","bytes_in","0.16","2015-05-13 10:27:22"
"ldap1","bytes_in","0.93","2015-05-13 10:32:26"
"ldap1","bytes_in","0.59","2015-05-13 10:37:30"
"ldap1","bytes_in","0.41","2015-05-13 10:42:33"
"ldap1","bytes_in","0.08","2015-05-13 10:47:37"
"ldap1","bytes_in","0.45","2015-05-13 10:52:40"
"ldap1","bytes_in","0.65","2015-05-13 10:57:44"
"ldap1","bytes_in","0.59","2015-05-13 11:02:48"
"ldap1","bytes_in","0.34","2015-05-13 11:07:51"
"ldap1","bytes_in","0.26","2015-05-13 11:12:55"
"ldap1","bytes_in","0.96","2015-05-13 11:17:58"
"ldap1","bytes_in","0.76","2015-05-13 11:23:02"
"ldap1","bytes_in","0.09","2015-05-13 11:28:06"
"ldap1","bytes_in","0.32","2015-05-13 11:33:09"
"ldap1","bytes_in","0.14","2015-05-13 11:38:13"
"ldap1","bytes_in","0.07","2015-05-13 11:43:17"
"ldap1","bytes_in","0.34","2015-05-13 11:48:20"
"ldap1","bytes_in","0.13","2015-05-13 11:53:24"
"ldap1","bytes_in","0.64","2015-05-13 12:03:32"
"ldap1","bytes_in","0.02","2015-05-13 12:08:35"
"ldap1","bytes_in","0.05","2015-05-13 12:13:39"
"ldap1","bytes_in","0.04","2015-05-13 12:18:43"
"ldap1","bytes_in","0.02","2015-05-13 12:23:46"
"ldap1","bytes_in","0.03","2015-05-13 12:28:51"
"ldap1","bytes_in","0.04","2015-05-13 12:33:54"
"ldap1","bytes_in","0.03","2015-05-13 12:38:58"
"ldap1","bytes_in","0.16","2015-05-13 12:44:01"
"ldap1","bytes_in","0.05","2015-05-13 12:49:05"
"ldap1","bytes_in","0.09","2015-05-13 12:54:09"
"ldap1","bytes_in","0.30","2015-05-13 12:59:12"
"ldap1","bytes_in","0.15","2015-05-13 13:04:17"
"ldap1","bytes_in","0.03","2015-05-13 13:09:21"
"ldap1","bytes_in","0.05","2015-05-13 13:14:24"
"ldap1","bytes_in","0.45","2015-05-13 13:19:28"
"ldap1","bytes_in","0.16","2015-05-13 13:24:31"
"ldap1","bytes_in","0.35","2015-05-13 13:29:35"
"ldap1","bytes_in","0.22","2015-05-13 13:34:39"
"ldap1","bytes_in","0.12","2015-05-13 13:39:42"
"ldap1","bytes_in","0.05","2015-05-13 13:44:46"
"ldap1","bytes_in","0.10","2015-05-13 13:49:49"
"ldap1","bytes_in","0.29","2015-05-13 13:54:53"
"ldap1","bytes_in","0.30","2015-05-13 13:59:57"
"ldap1","bytes_in","0.28","2015-05-13 14:05:00"
"ldap1","bytes_in","0.04","2015-05-13 14:10:04"
"ldap1","bytes_in","1.40","2015-05-13 14:15:07"
"ldap1","bytes_in","0.44","2015-05-13 14:20:11"
"ldap1","bytes_in","0.36","2015-05-13 14:25:14"
"ldap1","bytes_in","0.12","2015-05-13 14:30:18"
"ldap1","bytes_in","0.71","2015-05-13 14:35:21"
"ldap1","bytes_in","2.26","2015-05-13 14:40:25"
"ldap1","bytes_in","1.25","2015-05-13 14:45:29"
"ldap1","bytes_in","0.00","2015-05-13 14:50:32"
"ldap1","bytes_in","0.01","2015-05-13 14:55:36"
"ldap1","bytes_in","0.02","2015-05-13 15:00:40"
"ldap1","bytes_in","0.00","2015-05-13 15:05:43"
"ldap1","bytes_in","0.01","2015-05-13 15:10:47"
"ldap1","bytes_in","0.00","2015-05-13 15:20:54"
"ldap1","bytes_in","1.36","2015-05-13 15:25:57"
"ldap1","bytes_in","2.88","2015-05-13 15:31:01"
"ldap1","bytes_in","2.77","2015-05-13 15:36:04"
"ldap1","bytes_in","2.32","2015-05-13 15:41:08"
"ldap1","bytes_in","0.23","2015-05-13 15:46:11"
"ldap1","bytes_in","0.07","2015-05-13 15:51:15"
"ldap1","bytes_in","1.58","2015-05-13 15:56:18"
"ldap1","bytes_in","1.72","2015-05-13 16:01:22"
"ldap1","bytes_in","0.60","2015-05-13 16:06:25"
"ldap1","bytes_in","3.76","2015-05-13 16:11:29"
"ldap1","bytes_in","0.88","2015-05-13 16:16:33"
"ldap1","bytes_in","2.35","2015-05-13 16:21:36"
"ldap1","bytes_in","0.07","2015-05-13 16:26:40"
"ldap1","bytes_in","0.13","2015-05-13 16:31:44"
"ldap1","bytes_in","0.02","2015-05-13 16:36:47"
"ldap1","bytes_in","0.08","2015-05-13 16:41:51"
"ldap1","bytes_in","0.04","2015-05-13 16:46:54"
"ldap1","bytes_in","0.11","2015-05-13 16:51:58"
"ldap1","bytes_in","1.66","2015-05-13 16:57:01"
"ldap1","bytes_in","0.38","2015-05-13 17:02:05"
"ldap1","bytes_in","0.11","2015-05-13 17:07:09"
"ldap1","bytes_in","0.06","2015-05-13 17:12:12"
"ldap1","bytes_in","1.53","2015-05-13 17:17:16"
"ldap1","bytes_in","0.14","2015-05-13 17:22:19"
"ldap1","bytes_in","1.69","2015-05-13 17:27:23"
"ldap1","bytes_in","1.03","2015-05-13 17:32:27"
"ldap1","bytes_in","2.35","2015-05-13 17:37:30"
"ldap1","bytes_in","0.08","2015-05-13 17:42:34"
"ldap1","bytes_in","1.63","2015-05-13 17:47:38"
"ldap1","bytes_in","0.90","2015-05-13 17:52:41"
"ldap1","bytes_in","1.42","2015-05-13 17:57:45"
"ldap1","bytes_in","0.26","2015-05-13 18:02:49"
"ldap1","bytes_in","0.23","2015-05-13 18:07:53"
"ldap1","bytes_in","0.14","2015-05-13 18:12:56"
"ldap1","bytes_in","1.16","2015-05-13 18:18:01"
"ldap1","bytes_in","2.54","2015-05-13 18:23:05"
"ldap1","bytes_in","0.30","2015-05-13 18:28:08"
"ldap1","bytes_in","0.10","2015-05-13 18:33:12"
"ldap1","bytes_in","0.22","2015-05-13 18:38:16"
"ldap1","bytes_in","0.25","2015-05-13 18:43:19"
"ldap1","bytes_in","0.02","2015-05-13 18:48:23"
"ldap1","bytes_in","0.18","2015-05-13 18:53:27"
"ldap1","bytes_in","0.10","2015-05-13 18:58:31"
"ldap1","bytes_in","2.01","2015-05-13 19:03:34"
"ldap1","bytes_in","3.24","2015-05-13 19:08:38"
"ldap1","bytes_in","0.94","2015-05-13 19:13:41"
"ldap1","bytes_in","0.64","2015-05-13 19:18:45"
"ldap1","bytes_in","1.14","2015-05-13 19:23:49"
"ldap1","bytes_in","0.48","2015-05-13 19:28:52"
"ldap1","bytes_in","0.55","2015-05-13 19:33:56"
"ldap1","bytes_in","2.43","2015-05-13 19:39:01"
"ldap1","bytes_in","0.50","2015-05-13 19:44:05"
"ldap1","bytes_in","0.17","2015-05-13 19:49:08"
"ldap1","bytes_in","0.40","2015-05-13 19:54:12"
"ldap1","bytes_in","0.19","2015-05-13 19:59:15"
"ldap1","bytes_in","0.27","2015-05-13 20:04:19"
"ldap1","bytes_in","0.12","2015-05-13 20:09:23"
"ldap1","bytes_in","0.13","2015-05-13 20:14:26"
"ldap1","bytes_in","0.09","2015-05-13 20:19:30"
"ldap1","bytes_in","0.81","2015-05-13 20:24:33"
"ldap1","bytes_in","3.25","2015-05-13 20:29:37"
"ldap1","bytes_in","0.07","2015-05-13 20:34:41"
"ldap1","bytes_in","0.00","2015-05-13 20:39:44"
"ldap1","bytes_in","7.46","2015-05-13 21:05:01"
"ldap1","bytes_in","9.11","2015-05-13 21:10:12"
"ldap1","bytes_in","6.99","2015-05-13 21:15:21"
"ldap1","bytes_in","2.63","2015-05-13 21:20:25"
"ldap1","bytes_in","0.00","2015-05-13 21:25:29"
"ldap1","bytes_in","0.07","2015-05-14 6:26:58"
"ldap1","bytes_in","0.18","2015-05-14 6:32:03"
"ldap1","bytes_in","0.00","2015-05-14 6:37:06"
"ldap1","bytes_in","0.17","2015-05-14 8:38:34"
"ldap1","bytes_in","0.27","2015-05-14 8:43:38"
"ldap1","bytes_in","0.16","2015-05-14 8:48:41"
"ldap1","bytes_in","0.13","2015-05-14 8:53:45"
"ldap1","bytes_in","0.34","2015-05-14 8:58:48"
"ldap1","bytes_in","0.07","2015-05-14 9:03:52"
"ldap1","bytes_in","0.46","2015-05-14 9:08:55"
"ldap1","bytes_in","0.98","2015-05-14 9:13:59"
"ldap1","bytes_in","1.40","2015-05-14 9:19:02"
"ldap1","bytes_in","1.34","2015-05-14 9:24:06"
"ldap1","bytes_in","0.20","2015-05-14 9:29:10"
"ldap1","bytes_in","0.49","2015-05-14 9:34:14"
"ldap1","bytes_in","0.38","2015-05-14 9:39:18"
"ldap1","bytes_in","0.20","2015-05-14 9:44:22"
"ldap1","bytes_in","0.43","2015-05-14 9:49:25"
"ldap1","bytes_in","0.41","2015-05-14 9:54:29"
"ldap1","bytes_in","0.24","2015-05-14 9:59:34"
"ldap1","bytes_in","0.52","2015-05-14 10:04:38"
"ldap1","bytes_in","0.23","2015-05-14 10:09:42"
"ldap1","bytes_in","0.65","2015-05-14 10:14:45"
"ldap1","bytes_in","2.19","2015-05-14 10:19:49"
"ldap1","bytes_in","1.92","2015-05-14 10:24:53"
"ldap1","bytes_in","0.25","2015-05-14 10:29:57"
"ldap1","bytes_in","0.48","2015-05-14 10:35:00"
"ldap1","bytes_in","0.18","2015-05-14 10:40:04"
"ldap1","bytes_in","0.93","2015-05-14 10:45:08"
"ldap1","bytes_in","0.51","2015-05-14 10:50:11"
"ldap1","bytes_in","0.52","2015-05-14 10:55:15"
"ldap1","bytes_in","0.15","2015-05-14 11:00:19"
"ldap1","bytes_in","0.31","2015-05-14 11:05:22"
"ldap1","bytes_in","2.65","2015-05-14 11:10:26"
"ldap1","bytes_in","8.04","2015-05-14 11:15:29"
"ldap1","bytes_in","2.83","2015-05-14 11:20:33"
"ldap1","bytes_in","0.18","2015-05-14 11:25:37"
"ldap1","bytes_in","2.59","2015-05-14 11:30:40"
"ldap1","bytes_in","1.44","2015-05-14 11:35:44"
"ldap1","bytes_in","1.94","2015-05-14 11:40:48"
"ldap1","bytes_in","2.15","2015-05-14 11:45:51"
"ldap1","bytes_in","0.39","2015-05-14 11:50:56"
"ldap1","bytes_in","1.47","2015-05-14 11:56:00"
"ldap1","bytes_in","0.29","2015-05-14 12:01:03"
"ldap1","bytes_in","0.05","2015-05-14 12:06:07"
"ldap1","bytes_in","0.06","2015-05-14 12:11:10"
"ldap1","bytes_in","0.09","2015-05-14 12:16:14"
"ldap1","bytes_in","0.15","2015-05-14 12:21:18"
"ldap1","bytes_in","2.22","2015-05-14 12:26:21"
"ldap1","bytes_in","0.95","2015-05-14 12:31:25"
"ldap1","bytes_in","2.09","2015-05-14 12:36:29"
"ldap1","bytes_in","4.63","2015-05-14 12:41:33"
"ldap1","bytes_in","2.05","2015-05-14 12:46:37"
"ldap1","bytes_in","1.87","2015-05-14 12:51:40"
"ldap1","bytes_in","3.62","2015-05-14 12:56:44"
"ldap1","bytes_in","0.43","2015-05-14 13:01:48"
"ldap1","bytes_in","2.87","2015-05-14 13:06:51"
"ldap1","bytes_in","0.19","2015-05-14 13:11:55"
"ldap1","bytes_in","0.11","2015-05-14 13:16:59"
"ldap1","bytes_in","5.72","2015-05-14 13:22:02"
"ldap1","bytes_in","0.23","2015-05-14 13:27:06"
"ldap1","bytes_in","0.12","2015-05-14 13:32:09"
"ldap1","bytes_in","0.19","2015-05-14 13:37:13"
"ldap1","bytes_in","0.10","2015-05-14 13:42:16"
"ldap1","bytes_in","0.07","2015-05-14 13:47:20"
"ldap1","bytes_in","1.67","2015-05-14 13:52:24"
"ldap1","bytes_in","3.04","2015-05-14 13:57:27"
"ldap1","bytes_in","2.46","2015-05-14 14:02:31"
"ldap1","bytes_in","2.31","2015-05-14 14:07:35"
"ldap1","bytes_in","1.66","2015-05-14 14:12:39"
"ldap1","bytes_in","0.32","2015-05-14 14:17:42"
"ldap1","bytes_in","0.03","2015-05-14 14:22:46"
"ldap1","bytes_in","0.46","2015-05-14 14:27:50"
"ldap1","bytes_in","0.27","2015-05-14 14:32:53"
"ldap1","bytes_in","0.08","2015-05-14 14:37:57"
"ldap1","bytes_in","0.24","2015-05-14 14:43:00"
"ldap1","bytes_in","0.71","2015-05-14 14:48:05"
"ldap1","bytes_in","0.02","2015-05-14 14:53:08"
"ldap1","bytes_in","0.04","2015-05-14 14:58:12"
"ldap1","bytes_in","0.05","2015-05-14 15:03:15"
"ldap1","bytes_in","0.06","2015-05-14 15:08:19"
"ldap1","bytes_in","2.45","2015-05-14 15:13:22"
"ldap1","bytes_in","1.01","2015-05-14 15:18:26"
"ldap1","bytes_in","0.07","2015-05-14 15:23:30"
"ldap1","bytes_in","0.10","2015-05-14 15:28:34"
"ldap1","bytes_in","0.05","2015-05-14 15:33:37"
"ldap1","bytes_in","0.04","2015-05-14 15:38:41"
"ldap1","bytes_in","0.01","2015-05-14 15:43:44"
"ldap1","bytes_in","0.09","2015-05-14 15:48:48"
"ldap1","bytes_in","0.17","2015-05-14 15:58:55"
"ldap1","bytes_in","0.79","2015-05-14 16:03:59"
"ldap1","bytes_in","0.19","2015-05-14 16:09:02"
"ldap1","bytes_in","1.46","2015-05-14 16:14:06"
"ldap1","bytes_in","0.05","2015-05-14 16:19:09"
"ldap1","bytes_in","3.08","2015-05-14 16:24:13"
"ldap1","bytes_in","1.12","2015-05-14 16:29:17"
"ldap1","bytes_in","0.64","2015-05-14 16:34:21"
"ldap1","bytes_in","2.82","2015-05-14 16:39:25"
"ldap1","bytes_in","1.21","2015-05-14 16:44:28"
"ldap1","bytes_in","0.62","2015-05-14 16:49:32"
"ldap1","bytes_in","4.51","2015-05-14 16:54:36"
"ldap1","bytes_in","4.59","2015-05-14 16:59:40"
"ldap1","bytes_in","1.13","2015-05-14 17:04:44"
"ldap1","bytes_in","1.30","2015-05-14 17:09:48"
"ldap1","bytes_in","0.23","2015-05-14 17:14:51"
"ldap1","bytes_in","0.34","2015-05-14 17:19:55"
"ldap1","bytes_in","0.27","2015-05-14 17:24:59"
"ldap1","bytes_in","0.14","2015-05-14 17:30:02"
"ldap1","bytes_in","0.45","2015-05-14 17:35:06"
"ldap1","bytes_in","2.44","2015-05-14 17:40:09"
"ldap1","bytes_in","0.12","2015-05-14 17:45:13"
"ldap1","bytes_in","2.40","2015-05-14 17:50:16"
"ldap1","bytes_in","0.11","2015-05-14 17:55:20"
"ldap1","bytes_in","0.16","2015-05-14 18:00:24"
"ldap1","bytes_in","0.44","2015-05-14 18:05:27"
"ldap1","bytes_in","0.32","2015-05-14 18:10:31"
"ldap1","bytes_in","0.47","2015-05-14 18:15:34"
"ldap1","bytes_in","0.07","2015-05-14 18:20:38"
"ldap1","bytes_in","0.16","2015-05-14 18:25:42"
"ldap1","bytes_in","0.45","2015-05-14 18:30:46"
"ldap1","bytes_in","0.36","2015-05-14 18:35:50"
"ldap1","bytes_in","0.12","2015-05-14 18:40:54"
"ldap1","bytes_in","0.04","2015-05-14 18:45:57"
"ldap1","bytes_in","0.66","2015-05-14 18:56:04"
"ldap1","bytes_in","0.28","2015-05-14 19:01:08"
"ldap1","bytes_in","0.46","2015-05-14 19:06:11"
"ldap1","bytes_in","0.22","2015-05-14 19:11:15"
"ldap1","bytes_in","0.35","2015-05-14 19:16:19"
"ldap1","bytes_in","0.16","2015-05-14 19:21:22"
"ldap1","bytes_in","0.34","2015-05-14 19:26:26"
"ldap1","bytes_in","0.17","2015-05-14 19:31:30"
"ldap1","bytes_in","0.18","2015-05-14 19:36:34"
"ldap1","bytes_in","0.33","2015-05-14 19:41:37"
"ldap1","bytes_in","0.05","2015-05-14 19:46:41"
"ldap1","bytes_in","0.03","2015-05-14 19:51:45"
"ldap1","bytes_in","0.19","2015-05-14 19:56:48"
"ldap1","bytes_in","0.45","2015-05-14 20:01:53"
"ldap1","bytes_in","0.38","2015-05-14 20:06:57"
"ldap1","bytes_in","0.27","2015-05-14 20:12:00"
"ldap1","bytes_in","0.12","2015-05-14 20:17:04"
"ldap1","bytes_in","0.05","2015-05-14 20:22:07"
"ldap1","bytes_in","0.18","2015-05-14 20:27:11"
"ldap1","bytes_in","0.36","2015-05-14 20:32:14"
"ldap1","bytes_in","0.04","2015-05-14 20:37:18"
"ldap1","bytes_in","0.09","2015-05-14 20:47:25"
"ldap1","bytes_in","0.17","2015-05-14 20:52:28"
"ldap1","bytes_in","0.00","2015-05-14 20:57:32"
"ldap1","bytes_in","0.01","2015-05-14 23:34:19"
"ldap1","bytes_in","0.00","2015-05-14 23:44:26"
"ldap1","bytes_in","0.01","2015-05-14 23:49:29"
"ldap1","bytes_in","0.00","2015-05-14 23:54:33"
"ldap1","bytes_in","0.07","2015-05-15 6:29:04"
"ldap1","bytes_in","0.10","2015-05-15 6:34:08"
"ldap1","bytes_in","7.18","2015-05-15 6:39:12"
"ldap1","bytes_in","10.45","2015-05-15 6:44:20"
"ldap1","bytes_in","7.95","2015-05-15 6:49:25"
"ldap1","bytes_in","0.00","2015-05-15 6:54:29"
"ldap1","bytes_in","0.74","2015-05-15 8:40:42"
"ldap1","bytes_in","1.00","2015-05-15 8:45:46"
"ldap1","bytes_in","0.04","2015-05-15 8:50:49"
"ldap1","bytes_in","0.59","2015-05-15 8:55:53"
"ldap1","bytes_in","0.09","2015-05-15 9:00:56"
"ldap1","bytes_in","1.19","2015-05-15 9:06:00"
"ldap1","bytes_in","1.16","2015-05-15 9:11:03"
"ldap1","bytes_in","0.41","2015-05-15 9:16:07"
"ldap1","bytes_in","0.03","2015-05-15 9:26:14"
"ldap1","bytes_in","0.04","2015-05-15 9:31:18"
"ldap1","bytes_in","0.03","2015-05-15 9:41:25"
"ldap1","bytes_in","0.25","2015-05-15 9:46:29"
"ldap1","bytes_in","0.20","2015-05-15 9:51:33"
"ldap1","bytes_in","0.22","2015-05-15 9:56:37"
"ldap1","bytes_in","0.49","2015-05-15 10:01:40"
"ldap1","bytes_in","0.35","2015-05-15 10:06:44"
"ldap1","bytes_in","1.85","2015-05-15 10:11:47"
"ldap1","bytes_in","3.25","2015-05-15 10:16:51"
"ldap1","bytes_in","0.98","2015-05-15 10:21:55"
"ldap1","bytes_in","0.24","2015-05-15 10:26:58"
"ldap1","bytes_in","0.14","2015-05-15 10:32:02"
"ldap1","bytes_in","0.08","2015-05-15 10:37:05"
"ldap1","bytes_in","0.09","2015-05-15 10:42:09"
"ldap1","bytes_in","1.21","2015-05-15 10:47:13"
"ldap1","bytes_in","3.34","2015-05-15 10:52:16"
"ldap1","bytes_in","0.48","2015-05-15 10:57:21"
"ldap1","bytes_in","3.34","2015-05-15 11:02:24"
"ldap1","bytes_in","0.63","2015-05-15 11:07:28"
"ldap1","bytes_in","0.79","2015-05-15 11:12:32"
"ldap1","bytes_in","0.89","2015-05-15 11:17:35"
"ldap1","bytes_in","0.11","2015-05-15 11:22:39"
"ldap1","bytes_in","2.66","2015-05-15 11:27:43"
"ldap1","bytes_in","3.27","2015-05-15 11:32:46"
"ldap1","bytes_in","2.73","2015-05-15 11:37:51"
"ldap1","bytes_in","0.08","2015-05-15 11:42:55"
"ldap1","bytes_in","0.39","2015-05-15 11:47:59"
"ldap1","bytes_in","0.06","2015-05-15 11:53:03"
"ldap1","bytes_in","1.37","2015-05-15 11:58:06"
"ldap1","bytes_in","0.13","2015-05-15 12:03:10"
"ldap1","bytes_in","0.11","2015-05-15 12:08:13"
"ldap1","bytes_in","0.04","2015-05-15 12:13:17"
"ldap1","bytes_in","0.06","2015-05-15 12:18:21"
"ldap1","bytes_in","0.52","2015-05-15 12:23:25"
"ldap1","bytes_in","1.82","2015-05-15 12:28:28"
"ldap1","bytes_in","0.92","2015-05-15 12:33:32"
"ldap1","bytes_in","0.63","2015-05-15 12:38:36"
"ldap1","bytes_in","3.60","2015-05-15 12:43:40"
"ldap1","bytes_in","2.51","2015-05-15 12:48:43"
"ldap1","bytes_in","6.02","2015-05-15 12:53:48"
"ldap1","bytes_in","0.03","2015-05-15 12:58:52"
"ldap1","bytes_in","1.41","2015-05-15 13:03:55"
"ldap1","bytes_in","0.90","2015-05-15 13:08:59"
"ldap1","bytes_in","0.21","2015-05-15 13:14:03"
"ldap1","bytes_in","0.09","2015-05-15 13:19:06"
"ldap1","bytes_in","0.45","2015-05-15 13:24:10"
"ldap1","bytes_in","0.15","2015-05-15 13:29:13"
"ldap1","bytes_in","0.32","2015-05-15 13:34:17"
"ldap1","bytes_in","0.08","2015-05-15 13:39:21"
"ldap1","bytes_in","0.12","2015-05-15 13:44:25"
"ldap1","bytes_in","0.13","2015-05-15 13:49:29"
"ldap1","bytes_in","0.92","2015-05-15 13:54:32"
"ldap1","bytes_in","2.03","2015-05-15 13:59:36"
"ldap1","bytes_in","0.27","2015-05-15 14:04:40"
"ldap1","bytes_in","1.70","2015-05-15 14:09:43"
"ldap1","bytes_in","2.99","2015-05-15 14:14:47"
"ldap1","bytes_in","0.59","2015-05-15 14:19:51"
"ldap1","bytes_in","1.66","2015-05-15 14:24:54"
"ldap1","bytes_in","0.20","2015-05-15 14:29:58"
"ldap1","bytes_in","2.22","2015-05-15 14:35:02"
"ldap1","bytes_in","1.40","2015-05-15 14:40:05"
"ldap1","bytes_in","1.96","2015-05-15 14:45:09"
"ldap1","bytes_in","0.12","2015-05-15 14:50:12"
"ldap1","bytes_in","0.04","2015-05-15 14:55:16"
"ldap1","bytes_in","0.16","2015-05-15 15:00:19"
"ldap1","bytes_in","0.38","2015-05-15 15:05:23"
"ldap1","bytes_in","0.06","2015-05-15 15:10:26"
"ldap1","bytes_in","0.12","2015-05-15 15:15:30"
"ldap1","bytes_in","1.09","2015-05-15 15:20:34"
"ldap1","bytes_in","0.25","2015-05-15 15:25:37"
"ldap1","bytes_in","1.42","2015-05-15 15:30:41"
"ldap1","bytes_in","0.07","2015-05-15 15:35:44"
"ldap1","bytes_in","0.11","2015-05-15 15:40:48"
"ldap1","bytes_in","0.20","2015-05-15 15:45:51"
"ldap1","bytes_in","0.98","2015-05-15 15:50:55"
"ldap1","bytes_in","2.47","2015-05-15 15:55:59"
"ldap1","bytes_in","0.48","2015-05-15 16:01:02"
"ldap1","bytes_in","0.68","2015-05-15 16:06:06"
"ldap1","bytes_in","0.23","2015-05-15 16:11:09"
"ldap1","bytes_in","0.37","2015-05-15 16:16:13"
"ldap1","bytes_in","0.50","2015-05-15 16:21:16"
"ldap1","bytes_in","0.29","2015-05-15 16:26:20"
"ldap1","bytes_in","0.58","2015-05-15 16:31:24"
"ldap1","bytes_in","0.53","2015-05-15 16:36:28"
"ldap1","bytes_in","0.30","2015-05-15 16:41:31"
"ldap1","bytes_in","1.40","2015-05-15 16:46:35"
"ldap1","bytes_in","2.00","2015-05-15 16:51:38"
"ldap1","bytes_in","0.29","2015-05-15 16:56:42"
"ldap1","bytes_in","0.13","2015-05-15 17:01:46"
"ldap1","bytes_in","0.18","2015-05-15 17:06:50"
"ldap1","bytes_in","0.19","2015-05-15 17:11:53"
"ldap1","bytes_in","0.14","2015-05-15 17:16:57"
"ldap1","bytes_in","1.95","2015-05-15 17:22:01"
"ldap1","bytes_in","1.37","2015-05-15 17:27:04"
"ldap1","bytes_in","1.36","2015-05-15 17:32:08"
"ldap1","bytes_in","0.15","2015-05-15 17:37:11"
"ldap1","bytes_in","0.18","2015-05-15 17:42:15"
"ldap1","bytes_in","2.17","2015-05-15 17:52:22"
"ldap1","bytes_in","0.12","2015-05-15 17:57:26"
"ldap1","bytes_in","0.07","2015-05-15 18:02:29"
"ldap1","bytes_in","2.13","2015-05-15 18:07:33"
"ldap1","bytes_in","1.41","2015-05-15 18:12:37"
"ldap1","bytes_in","0.09","2015-05-15 18:17:40"
"ldap1","bytes_in","0.91","2015-05-15 18:22:44"
"ldap1","bytes_in","0.22","2015-05-15 18:27:47"
"ldap1","bytes_in","0.12","2015-05-15 18:32:51"
"ldap1","bytes_in","2.26","2015-05-15 18:37:55"
"ldap1","bytes_in","0.02","2015-05-15 18:42:59"
"ldap1","bytes_in","0.23","2015-05-15 18:48:02"
"ldap1","bytes_in","0.84","2015-05-15 18:53:07"
"ldap1","bytes_in","0.26","2015-05-15 18:58:11"
"ldap1","bytes_in","0.23","2015-05-15 19:03:14"
"ldap1","bytes_in","0.03","2015-05-15 19:08:18"
"ldap1","bytes_in","0.58","2015-05-15 19:13:21"
"ldap1","bytes_in","0.22","2015-05-15 19:18:25"
"ldap1","bytes_in","0.07","2015-05-15 19:23:28"
"ldap1","bytes_in","0.25","2015-05-15 19:28:32"
"ldap1","bytes_in","1.99","2015-05-15 19:33:35"
"ldap1","bytes_in","0.17","2015-05-15 19:38:39"
"ldap1","bytes_in","0.08","2015-05-15 19:43:43"
"ldap1","bytes_in","0.03","2015-05-15 19:48:46"
"ldap1","bytes_in","0.20","2015-05-15 19:53:50"
"ldap1","bytes_in","0.79","2015-05-15 19:58:53"
"ldap1","bytes_in","3.25","2015-05-15 20:03:57"
"ldap1","bytes_in","1.57","2015-05-15 20:09:00"
"ldap1","bytes_in","1.54","2015-05-15 20:14:04"
"ldap1","bytes_in","0.15","2015-05-15 20:19:07"
"ldap1","bytes_in","0.12","2015-05-15 20:24:11"
"ldap1","bytes_in","0.26","2015-05-15 20:29:14"
"ldap1","bytes_in","0.01","2015-05-15 20:34:18"
"ldap1","bytes_in","0.08","2015-05-15 20:39:21"
"ldap1","bytes_in","0.00","2015-05-15 20:44:24"
"ldap1","bytes_in","6.95","2015-05-15 21:04:38"
"ldap1","bytes_in","6.86","2015-05-15 21:09:42"
"ldap1","bytes_in","7.75","2015-05-15 21:14:51"
"ldap1","bytes_in","7.67","2015-05-15 21:19:55"
"ldap1","bytes_in","0.00","2015-05-15 21:24:59"
"ldap1","bytes_in","0.02","2015-05-16 6:26:28"
"ldap1","bytes_in","0.15","2015-05-16 6:31:32"
"ldap1","bytes_in","0.00","2015-05-16 6:36:35"
"ldap1","bytes_in","1.13","2015-05-16 9:38:41"
"ldap1","bytes_in","5.02","2015-05-16 9:43:46"
"ldap1","bytes_in","2.63","2015-05-16 9:48:49"
"ldap1","bytes_in","1.87","2015-05-16 9:53:53"
"ldap1","bytes_in","7.06","2015-05-16 9:58:57"
"ldap1","bytes_in","8.91","2015-05-16 10:04:02"
"ldap1","bytes_in","9.95","2015-05-16 10:09:06"
"ldap1","bytes_in","8.41","2015-05-16 10:14:10"
"ldap1","bytes_in","7.96","2015-05-16 10:24:17"
"ldap1","bytes_in","11.08","2015-05-16 10:29:21"
"ldap1","bytes_in","9.26","2015-05-16 10:34:25"
"ldap1","bytes_in","9.56","2015-05-16 10:39:29"
"ldap1","bytes_in","1.26","2015-05-16 10:44:33"
"ldap1","bytes_in","8.66","2015-05-16 10:49:37"
"ldap1","bytes_in","8.95","2015-05-16 10:54:41"
"ldap1","bytes_in","9.99","2015-05-16 10:59:45"
"ldap1","bytes_in","11.18","2015-05-16 11:04:48"
"ldap1","bytes_in","6.68","2015-05-16 11:09:53"
"ldap1","bytes_in","10.08","2015-05-16 11:14:58"
"ldap1","bytes_in","10.78","2015-05-16 11:20:02"
"ldap1","bytes_in","9.99","2015-05-16 11:25:06"
"ldap1","bytes_in","10.13","2015-05-16 11:30:10"
"ldap1","bytes_in","8.08","2015-05-16 11:35:14"
"ldap1","bytes_in","5.24","2015-05-16 11:40:19"
"ldap1","bytes_in","2.06","2015-05-16 11:45:23"
"ldap1","bytes_in","10.97","2015-05-16 11:50:26"
"ldap1","bytes_in","9.95","2015-05-16 11:55:30"
"ldap1","bytes_in","9.14","2015-05-16 12:00:34"
"ldap1","bytes_in","9.63","2015-05-16 12:05:38"
"ldap1","bytes_in","7.02","2015-05-16 12:10:42"
"ldap1","bytes_in","10.10","2015-05-16 12:15:46"
"ldap1","bytes_in","9.89","2015-05-16 12:20:50"
"ldap1","bytes_in","9.58","2015-05-16 12:25:54"
"ldap1","bytes_in","10.07","2015-05-16 12:31:03"
"ldap1","bytes_in","8.62","2015-05-16 12:36:06"
"ldap1","bytes_in","3.74","2015-05-16 12:41:11"
"ldap1","bytes_in","9.15","2015-05-16 12:46:15"
"ldap1","bytes_in","9.84","2015-05-16 12:51:19"
"ldap1","bytes_in","9.91","2015-05-16 12:56:23"
"ldap1","bytes_in","10.40","2015-05-16 13:01:27"
"ldap1","bytes_in","11.31","2015-05-16 13:06:31"
"ldap1","bytes_in","10.44","2015-05-16 13:11:35"
"ldap1","bytes_in","8.87","2015-05-16 13:16:39"
"ldap1","bytes_in","9.20","2015-05-16 13:21:43"
"ldap1","bytes_in","10.32","2015-05-16 13:26:47"
"ldap1","bytes_in","9.53","2015-05-16 13:31:51"
"ldap1","bytes_in","11.20","2015-05-16 13:36:55"
"ldap1","bytes_in","11.40","2015-05-16 13:41:59"
"ldap1","bytes_in","11.65","2015-05-16 13:47:03"
"ldap1","bytes_in","8.98","2015-05-16 13:52:07"
"ldap1","bytes_in","6.34","2015-05-16 13:57:10"
"ldap1","bytes_in","8.16","2015-05-16 14:02:14"
"ldap1","bytes_in","11.23","2015-05-16 14:07:18"
"ldap1","bytes_in","10.94","2015-05-16 14:12:22"
"ldap1","bytes_in","8.61","2015-05-16 14:17:26"
"ldap1","bytes_in","11.17","2015-05-16 14:22:29"
"ldap1","bytes_in","10.61","2015-05-16 14:27:33"
"ldap1","bytes_in","10.94","2015-05-16 14:32:37"
"ldap1","bytes_in","10.49","2015-05-16 14:37:41"
"ldap1","bytes_in","10.64","2015-05-16 14:42:45"
"ldap1","bytes_in","8.12","2015-05-16 14:47:49"
"ldap1","bytes_in","8.74","2015-05-16 14:52:53"
"ldap1","bytes_in","10.33","2015-05-16 14:57:57"
"ldap1","bytes_in","11.20","2015-05-16 15:03:01"
"ldap1","bytes_in","9.83","2015-05-16 15:08:05"
"ldap1","bytes_in","8.38","2015-05-16 15:13:08"
"ldap1","bytes_in","10.66","2015-05-16 15:18:14"
"ldap1","bytes_in","10.23","2015-05-16 15:23:17"
"ldap1","bytes_in","7.82","2015-05-16 15:28:21"
"ldap1","bytes_in","5.53","2015-05-16 15:33:25"
"ldap1","bytes_in","4.85","2015-05-16 15:38:30"
"ldap1","bytes_in","10.51","2015-05-16 15:43:34"
"ldap1","bytes_in","9.71","2015-05-16 15:48:37"
"ldap1","bytes_in","8.98","2015-05-16 15:53:41"
"ldap1","bytes_in","10.34","2015-05-16 15:58:45"
"ldap1","bytes_in","9.85","2015-05-16 16:03:49"
"ldap1","bytes_in","6.82","2015-05-16 16:08:53"
"ldap1","bytes_in","7.66","2015-05-16 16:13:57"
"ldap1","bytes_in","7.08","2015-05-16 16:19:01"
"ldap1","bytes_in","9.04","2015-05-16 16:24:05"
"ldap1","bytes_in","10.75","2015-05-16 16:29:09"
"ldap1","bytes_in","10.99","2015-05-16 16:34:13"
"ldap1","bytes_in","6.63","2015-05-16 16:39:17"
"ldap1","bytes_in","0.17","2015-05-16 16:44:21"
"ldap1","bytes_in","0.16","2015-05-16 16:49:25"
"ldap1","bytes_in","9.85","2015-05-16 16:54:29"
"ldap1","bytes_in","8.55","2015-05-16 16:59:33"
"ldap1","bytes_in","9.82","2015-05-16 17:04:36"
"ldap1","bytes_in","10.00","2015-05-16 17:09:41"
"ldap1","bytes_in","10.57","2015-05-16 17:14:44"
"ldap1","bytes_in","9.89","2015-05-16 17:19:48"
"ldap1","bytes_in","10.26","2015-05-16 17:24:52"
"ldap1","bytes_in","8.12","2015-05-16 17:30:01"
"ldap1","bytes_in","11.22","2015-05-16 17:35:05"
"ldap1","bytes_in","8.30","2015-05-16 17:40:09"
"ldap1","bytes_in","10.30","2015-05-16 17:45:14"
"ldap1","bytes_in","8.88","2015-05-16 17:50:18"
"ldap1","bytes_in","10.20","2015-05-16 17:55:21"
"ldap1","bytes_in","11.01","2015-05-16 18:00:26"
"ldap1","bytes_in","5.08","2015-05-16 18:05:30"
"ldap1","bytes_in","0.00","2015-05-16 18:10:34"
"ldap1","bytes_in","0.17","2015-05-17 6:29:09"
"ldap1","bytes_in","0.00","2015-05-17 6:34:13"
"ldap1","bytes_in","0.28","2015-05-17 21:04:18"
"ldap1","bytes_in","0.00","2015-05-17 21:09:22"
"ldap1","bytes_in","0.16","2015-05-18 6:31:05"
"ldap1","bytes_in","0.00","2015-05-18 6:36:08"
"ldap1","bytes_in","1.18","2015-05-18 9:02:48"
"ldap1","bytes_in","1.44","2015-05-18 9:07:52"
"ldap1","bytes_in","3.60","2015-05-18 9:12:56"
"ldap1","bytes_in","2.60","2015-05-18 9:18:00"
"ldap1","bytes_in","0.84","2015-05-18 9:23:03"
"ldap1","bytes_in","1.73","2015-05-18 9:28:07"
"ldap1","bytes_in","3.13","2015-05-18 9:33:11"
"ldap1","bytes_in","3.43","2015-05-18 9:38:14"
"ldap1","bytes_in","1.13","2015-05-18 9:43:18"
"ldap1","bytes_in","0.10","2015-05-18 9:48:21"
"ldap1","bytes_in","0.01","2015-05-18 9:53:25"
"ldap1","bytes_in","4.09","2015-05-18 10:08:37"
"ldap1","bytes_in","3.70","2015-05-18 10:13:41"
"ldap1","bytes_in","4.25","2015-05-18 10:18:44"
"ldap1","bytes_in","1.73","2015-05-18 10:23:48"
"ldap1","bytes_in","0.02","2015-05-18 10:28:51"
"ldap1","bytes_in","0.32","2015-05-18 10:33:55"
"ldap1","bytes_in","1.88","2015-05-18 10:38:59"
"ldap1","bytes_in","2.15","2015-05-18 10:44:02"
"ldap1","bytes_in","0.01","2015-05-18 10:49:06"
"ldap1","bytes_in","0.00","2015-05-18 10:54:10"
"ldap1","bytes_in","1.34","2015-05-18 11:04:17"
"ldap1","bytes_in","2.21","2015-05-18 11:09:21"
"ldap1","bytes_in","0.00","2015-05-18 11:14:24"
"ldap1","bytes_in","0.03","2015-05-18 11:19:28"
"ldap1","bytes_in","0.02","2015-05-18 11:24:31"
"ldap1","bytes_in","4.25","2015-05-18 11:29:36"
"ldap1","bytes_in","0.00","2015-05-18 11:34:39"
"ldap1","bytes_in","2.24","2015-05-18 11:44:46"
"ldap1","bytes_in","0.00","2015-05-18 11:49:50"
"ldap1","bytes_in","0.95","2015-05-18 12:10:04"
"ldap1","bytes_in","0.57","2015-05-18 12:15:07"
"ldap1","bytes_in","4.80","2015-05-18 12:20:11"
"ldap1","bytes_in","0.13","2015-05-18 12:25:15"
"ldap1","bytes_in","0.12","2015-05-18 12:30:18"
"ldap1","bytes_in","3.13","2015-05-18 12:35:22"
"ldap1","bytes_in","1.02","2015-05-18 12:40:26"
"ldap1","bytes_in","0.21","2015-05-18 12:45:29"
"ldap1","bytes_in","1.20","2015-05-18 12:50:33"
"ldap1","bytes_in","0.35","2015-05-18 12:56:27"
"ldap1","bytes_in","0.20","2015-05-18 13:02:20"
"ldap1","bytes_in","0.17","2015-05-18 13:08:14"
"ldap1","bytes_in","1.39","2015-05-18 13:14:09"
"ldap1","bytes_in","0.00","2015-05-18 13:20:02"
"ldap1","bytes_in","0.01","2015-05-18 13:25:57"
"ldap1","bytes_in","1.31","2015-05-18 13:31:51"
"ldap1","bytes_in","1.32","2015-05-18 13:37:44"
"ldap1","bytes_in","0.21","2015-05-18 13:43:39"
"ldap1","bytes_in","0.03","2015-05-18 13:49:33"
"ldap1","bytes_in","0.02","2015-05-18 13:55:27"
"ldap1","bytes_in","0.06","2015-05-18 14:01:21"
"ldap1","bytes_in","0.08","2015-05-18 14:07:15"
"ldap1","bytes_in","0.01","2015-05-18 14:13:08"
"ldap1","bytes_in","0.00","2015-05-18 14:19:02"
"ldap1","bytes_in","0.07","2015-05-18 14:36:43"
"ldap1","bytes_in","0.03","2015-05-18 14:42:37"
"ldap1","bytes_in","1.41","2015-05-18 14:54:24"
"ldap1","bytes_in","0.00","2015-05-18 15:00:18"
"ldap1","bytes_in","0.02","2015-05-18 15:17:59"
"ldap1","bytes_in","0.01","2015-05-18 15:23:53"
"ldap1","bytes_in","0.36","2015-05-18 15:29:46"
"ldap1","bytes_in","0.20","2015-05-18 15:35:40"
"ldap1","bytes_in","0.13","2015-05-18 15:41:34"
"ldap1","bytes_in","1.66","2015-05-18 15:47:27"
"ldap1","bytes_in","0.07","2015-05-18 15:53:21"
"ldap1","bytes_in","0.01","2015-05-18 15:59:15"
"ldap1","bytes_in","1.67","2015-05-18 16:05:09"
"ldap1","bytes_in","1.07","2015-05-18 16:11:02"
"ldap1","bytes_in","0.25","2015-05-18 16:18:06"
"ldap1","bytes_in","0.98","2015-05-18 16:23:10"
"ldap1","bytes_in","0.48","2015-05-18 16:28:14"
"ldap1","bytes_in","0.09","2015-05-18 16:33:17"
"ldap1","bytes_in","1.95","2015-05-18 16:38:21"
"ldap1","bytes_in","0.43","2015-05-18 16:43:24"
"ldap1","bytes_in","0.00","2015-05-18 16:48:28"
"ldap1","bytes_in","0.04","2015-05-18 16:53:31"
"ldap1","bytes_in","0.05","2015-05-18 16:58:35"
"ldap1","bytes_in","0.49","2015-05-18 17:03:39"
"ldap1","bytes_in","1.50","2015-05-18 17:08:43"
"ldap1","bytes_in","1.86","2015-05-18 17:13:46"
"ldap1","bytes_in","0.05","2015-05-18 17:18:55"
"ldap1","bytes_in","0.13","2015-05-18 17:23:59"
"ldap1","bytes_in","0.07","2015-05-18 17:29:02"
"ldap1","bytes_in","0.31","2015-05-18 17:34:07"
"ldap1","bytes_in","1.36","2015-05-18 17:39:10"
"ldap1","bytes_in","0.57","2015-05-18 17:44:14"
"ldap1","bytes_in","2.90","2015-05-18 17:49:17"
"ldap1","bytes_in","2.37","2015-05-18 17:54:21"
"ldap1","bytes_in","0.36","2015-05-18 17:59:24"
"ldap1","bytes_in","4.51","2015-05-18 18:04:28"
"ldap1","bytes_in","2.22","2015-05-18 18:09:32"
"ldap1","bytes_in","1.03","2015-05-18 18:14:35"
"ldap1","bytes_in","0.72","2015-05-18 18:19:39"
"ldap1","bytes_in","0.01","2015-05-18 18:24:43"
"ldap1","bytes_in","0.00","2015-05-18 18:29:46"
"ldap1","bytes_in","0.05","2015-05-18 18:34:50"
"ldap1","bytes_in","0.37","2015-05-18 18:39:53"
"ldap1","bytes_in","0.02","2015-05-18 18:44:57"
"ldap1","bytes_in","0.04","2015-05-18 18:50:01"
"ldap1","bytes_in","0.01","2015-05-18 18:55:04"
"ldap1","bytes_in","1.26","2015-05-18 19:00:08"
"ldap1","bytes_in","0.12","2015-05-18 19:05:11"
"ldap1","bytes_in","0.02","2015-05-18 19:10:15"
"ldap1","bytes_in","0.01","2015-05-18 19:15:18"
"ldap1","bytes_in","0.08","2015-05-18 19:20:22"
"ldap1","bytes_in","0.04","2015-05-18 19:25:26"
"ldap1","bytes_in","1.10","2015-05-18 19:30:29"
"ldap1","bytes_in","0.16","2015-05-18 19:35:33"
"ldap1","bytes_in","0.01","2015-05-18 19:40:37"
"ldap1","bytes_in","1.14","2015-05-18 19:45:40"
"ldap1","bytes_in","4.47","2015-05-18 19:50:44"
"ldap1","bytes_in","0.11","2015-05-18 19:55:48"
"ldap1","bytes_in","0.06","2015-05-18 20:00:51"
"ldap1","bytes_in","0.11","2015-05-18 20:05:55"
"ldap1","bytes_in","0.00","2015-05-18 20:10:59"
"ldap1","bytes_in","0.01","2015-05-18 20:16:02"
"ldap1","bytes_in","0.00","2015-05-18 20:21:06"
"ldap1","bytes_in","0.03","2015-05-18 20:31:13"
"ldap1","bytes_in","0.16","2015-05-18 20:36:16"
"ldap1","bytes_in","0.02","2015-05-18 20:41:20"
"ldap1","bytes_in","0.01","2015-05-18 20:46:24"
"ldap1","bytes_in","0.04","2015-05-18 20:51:27"
"ldap1","bytes_in","0.00","2015-05-18 20:56:31"
"ldap1","bytes_in","0.13","2015-05-18 21:01:34"
"ldap1","bytes_in","0.00","2015-05-18 21:06:38"
"ldap1","bytes_in","0.03","2015-05-19 6:28:06"
"ldap1","bytes_in","0.12","2015-05-19 6:33:10"
"ldap1","bytes_in","2.47","2015-05-19 6:38:14"
"ldap1","bytes_in","9.50","2015-05-19 6:43:22"
"ldap1","bytes_in","10.01","2015-05-19 6:48:30"
"ldap1","bytes_in","0.00","2015-05-19 6:53:34"
"ldap1","bytes_in","4.35","2015-05-19 9:10:07"
"ldap1","bytes_in","0.00","2015-05-19 9:15:11"
"ldap1","bytes_in","2.62","2015-05-19 9:20:14"
"ldap1","bytes_in","0.00","2015-05-19 9:25:18"
"ldap1","bytes_in","0.40","2015-05-19 9:50:35"
"ldap1","bytes_in","0.32","2015-05-19 9:55:38"
"ldap1","bytes_in","0.01","2015-05-19 10:00:42"
"ldap1","bytes_in","0.00","2015-05-19 10:05:46"
"ldap1","bytes_in","0.79","2015-05-19 10:10:49"
"ldap1","bytes_in","1.18","2015-05-19 10:15:53"
"ldap1","bytes_in","1.03","2015-05-19 10:20:56"
"ldap1","bytes_in","0.32","2015-05-19 10:26:00"
"ldap1","bytes_in","0.65","2015-05-19 10:31:04"
"ldap1","bytes_in","0.60","2015-05-19 10:36:08"
"ldap1","bytes_in","0.01","2015-05-19 10:41:12"
"ldap1","bytes_in","0.05","2015-05-19 10:46:15"
"ldap1","bytes_in","2.08","2015-05-19 10:51:19"
"ldap1","bytes_in","0.31","2015-05-19 10:56:23"
"ldap1","bytes_in","0.86","2015-05-19 11:01:26"
"ldap1","bytes_in","0.96","2015-05-19 11:06:31"
"ldap1","bytes_in","5.28","2015-05-19 11:11:34"
"ldap1","bytes_in","4.25","2015-05-19 11:16:39"
"ldap1","bytes_in","0.10","2015-05-19 11:21:42"
"ldap1","bytes_in","1.07","2015-05-19 11:26:46"
"ldap1","bytes_in","0.83","2015-05-19 11:31:50"
"ldap1","bytes_in","0.22","2015-05-19 11:36:53"
"ldap1","bytes_in","0.01","2015-05-19 11:41:57"
"ldap1","bytes_in","0.96","2015-05-19 11:47:01"
"ldap1","bytes_in","1.66","2015-05-19 11:52:05"
"ldap1","bytes_in","0.60","2015-05-19 11:57:09"
"ldap1","bytes_in","0.05","2015-05-19 12:02:12"
"ldap1","bytes_in","1.74","2015-05-19 12:07:16"
"ldap1","bytes_in","0.04","2015-05-19 12:12:20"
"ldap1","bytes_in","0.59","2015-05-19 12:17:24"
"ldap1","bytes_in","2.12","2015-05-19 12:22:28"
"ldap1","bytes_in","2.38","2015-05-19 12:27:32"
"ldap1","bytes_in","0.00","2015-05-19 12:32:35"
"ldap1","bytes_in","0.01","2015-05-19 12:37:39"
"ldap1","bytes_in","1.32","2015-05-19 12:42:42"
"ldap1","bytes_in","2.14","2015-05-19 12:47:46"
"ldap1","bytes_in","1.26","2015-05-19 12:52:50"
"ldap1","bytes_in","3.08","2015-05-19 12:57:56"
"ldap1","bytes_in","4.17","2015-05-19 13:03:02"
"ldap1","bytes_in","5.10","2015-05-19 13:08:06"
"ldap1","bytes_in","0.30","2015-05-19 13:13:09"
"ldap1","bytes_in","1.25","2015-05-19 13:18:13"
"ldap1","bytes_in","0.00","2015-05-19 13:23:16"
"ldap1","bytes_in","0.08","2015-05-19 13:28:20"
"ldap1","bytes_in","0.03","2015-05-19 13:33:23"
"ldap1","bytes_in","0.05","2015-05-19 13:38:27"
"ldap1","bytes_in","0.85","2015-05-19 13:43:30"
"ldap1","bytes_in","3.92","2015-05-19 13:48:34"
"ldap1","bytes_in","0.02","2015-05-19 13:53:38"
"ldap1","bytes_in","0.01","2015-05-19 13:58:41"
"ldap1","bytes_in","0.00","2015-05-19 14:03:45"
"ldap1","bytes_in","1.77","2015-05-19 14:08:48"
"ldap1","bytes_in","2.54","2015-05-19 14:13:52"
"ldap1","bytes_in","0.00","2015-05-19 14:18:56"
"ldap1","bytes_in","3.73","2015-05-19 14:24:00"
"ldap1","bytes_in","0.11","2015-05-19 14:29:03"
"ldap1","bytes_in","2.65","2015-05-19 14:34:07"
"ldap1","bytes_in","2.88","2015-05-19 14:39:11"
"ldap1","bytes_in","0.00","2015-05-19 14:44:14"
"ldap1","bytes_in","0.03","2015-05-19 15:19:40"
"ldap1","bytes_in","0.15","2015-05-19 15:24:44"
"ldap1","bytes_in","1.01","2015-05-19 15:29:47"
"ldap1","bytes_in","0.25","2015-05-19 15:34:51"
"ldap1","bytes_in","2.43","2015-05-19 15:39:54"
"ldap1","bytes_in","0.67","2015-05-19 15:44:59"
"ldap1","bytes_in","0.72","2015-05-19 15:50:03"
"ldap1","bytes_in","3.67","2015-05-19 15:55:06"
"ldap1","bytes_in","1.60","2015-05-19 16:00:10"
"ldap1","bytes_in","2.41","2015-05-19 16:05:13"
"ldap1","bytes_in","0.12","2015-05-19 16:10:17"
"ldap1","bytes_in","0.09","2015-05-19 16:15:21"
"ldap1","bytes_in","0.40","2015-05-19 16:20:25"
"ldap1","bytes_in","0.23","2015-05-19 16:25:28"
"ldap1","bytes_in","0.19","2015-05-19 16:30:32"
"ldap1","bytes_in","0.16","2015-05-19 16:35:36"
"ldap1","bytes_in","0.18","2015-05-19 16:40:39"
"ldap1","bytes_in","2.83","2015-05-19 16:45:43"
"ldap1","bytes_in","1.03","2015-05-19 16:50:47"
"ldap1","bytes_in","0.54","2015-05-19 16:55:50"
"ldap1","bytes_in","2.18","2015-05-19 17:00:54"
"ldap1","bytes_in","2.83","2015-05-19 17:05:57"
"ldap1","bytes_in","1.04","2015-05-19 17:11:01"
"ldap1","bytes_in","3.47","2015-05-19 17:16:05"
"ldap1","bytes_in","0.04","2015-05-19 17:21:08"
"ldap1","bytes_in","1.24","2015-05-19 17:26:13"
"ldap1","bytes_in","0.86","2015-05-19 17:31:16"
"ldap1","bytes_in","2.92","2015-05-19 17:36:20"
"ldap1","bytes_in","0.01","2015-05-19 17:41:23"
"ldap1","bytes_in","0.06","2015-05-19 17:46:27"
"ldap1","bytes_in","0.03","2015-05-19 17:51:30"
"ldap1","bytes_in","1.73","2015-05-19 17:56:34"
"ldap1","bytes_in","1.08","2015-05-19 18:01:38"
"ldap1","bytes_in","1.19","2015-05-19 18:06:42"
"ldap1","bytes_in","1.05","2015-05-19 18:11:45"
"ldap1","bytes_in","0.01","2015-05-19 18:16:49"
"ldap1","bytes_in","2.24","2015-05-19 18:26:56"
"ldap1","bytes_in","1.54","2015-05-19 18:32:00"
"ldap1","bytes_in","0.53","2015-05-19 18:37:04"
"ldap1","bytes_in","0.32","2015-05-19 18:42:07"
"ldap1","bytes_in","0.38","2015-05-19 18:47:12"
"ldap1","bytes_in","2.76","2015-05-19 18:52:16"
"ldap1","bytes_in","1.07","2015-05-19 18:57:20"
"ldap1","bytes_in","1.94","2015-05-19 19:02:24"
"ldap1","bytes_in","0.52","2015-05-19 19:07:27"
"ldap1","bytes_in","0.29","2015-05-19 19:12:31"
"ldap1","bytes_in","0.23","2015-05-19 19:17:35"
"ldap1","bytes_in","0.52","2015-05-19 19:22:38"
"ldap1","bytes_in","1.08","2015-05-19 19:27:42"
"ldap1","bytes_in","0.93","2015-05-19 19:32:46"
"ldap1","bytes_in","1.14","2015-05-19 19:37:50"
"ldap1","bytes_in","1.51","2015-05-19 19:42:54"
"ldap1","bytes_in","1.59","2015-05-19 19:47:57"
"ldap1","bytes_in","0.00","2015-05-19 19:53:01"
"ldap1","bytes_in","0.02","2015-05-19 19:58:04"
"ldap1","bytes_in","3.93","2015-05-19 20:03:08"
"ldap1","bytes_in","3.41","2015-05-19 20:08:11"
"ldap1","bytes_in","0.09","2015-05-19 20:13:15"
"ldap1","bytes_in","0.02","2015-05-19 20:18:18"
"ldap1","bytes_in","2.40","2015-05-19 20:23:22"
"ldap1","bytes_in","0.10","2015-05-19 20:28:25"
"ldap1","bytes_in","1.19","2015-05-19 20:33:29"
"ldap1","bytes_in","2.38","2015-05-19 20:38:32"
"ldap1","bytes_in","0.94","2015-05-19 20:43:36"
"ldap1","bytes_in","1.24","2015-05-19 20:48:40"
"ldap1","bytes_in","0.00","2015-05-19 20:53:43"
"ldap1","bytes_in","5.48","2015-05-19 21:03:50"
"ldap1","bytes_in","9.47","2015-05-19 21:09:01"
"ldap1","bytes_in","9.31","2015-05-19 21:14:12"
"ldap1","bytes_in","8.49","2015-05-19 21:19:16"
"ldap1","bytes_in","8.32","2015-05-19 21:24:20"
"ldap1","bytes_in","9.92","2015-05-19 21:29:29"
"ldap1","bytes_in","0.25","2015-05-19 21:34:32"
"ldap1","bytes_in","0.00","2015-05-19 21:39:36"
"ldap1","bytes_in","0.04","2015-05-19 21:49:43"
"ldap1","bytes_in","0.00","2015-05-19 21:54:46"
"ldap1","bytes_in","0.16","2015-05-20 6:30:46"
"ldap1","bytes_in","0.00","2015-05-20 6:35:50"
"ldap1","bytes_in","1.12","2015-05-20 8:47:31"
"ldap1","bytes_in","1.51","2015-05-20 8:52:34"
"ldap1","bytes_in","0.00","2015-05-20 8:57:37"
"ldap1","bytes_in","1.57","2015-05-20 9:07:44"
"ldap1","bytes_in","0.01","2015-05-20 9:12:48"
"ldap1","bytes_in","3.99","2015-05-20 9:17:51"
"ldap1","bytes_in","0.38","2015-05-20 9:22:55"
"ldap1","bytes_in","0.01","2015-05-20 9:27:58"
"ldap1","bytes_in","0.00","2015-05-20 9:33:02"
"ldap1","bytes_in","0.01","2015-05-20 9:48:12"
"ldap1","bytes_in","0.00","2015-05-20 9:53:16"
"ldap1","bytes_in","0.03","2015-05-20 10:03:23"
"ldap1","bytes_in","2.28","2015-05-20 10:08:27"
"ldap1","bytes_in","1.60","2015-05-20 10:13:30"
"ldap1","bytes_in","1.01","2015-05-20 10:18:34"
"ldap1","bytes_in","3.15","2015-05-20 10:23:37"
"ldap1","bytes_in","1.93","2015-05-20 10:28:41"
"ldap1","bytes_in","2.40","2015-05-20 10:33:45"
"ldap1","bytes_in","1.13","2015-05-20 10:38:48"
"ldap1","bytes_in","2.39","2015-05-20 10:43:52"
"ldap1","bytes_in","0.00","2015-05-20 10:48:55"
"ldap1","bytes_in","6.74","2015-05-20 10:53:59"
"ldap1","bytes_in","6.50","2015-05-20 10:59:03"
"ldap1","bytes_in","3.96","2015-05-20 11:04:06"
"ldap1","bytes_in","1.55","2015-05-20 11:09:10"
"ldap1","bytes_in","1.64","2015-05-20 11:14:14"
"ldap1","bytes_in","0.97","2015-05-20 11:19:17"
"ldap1","bytes_in","0.81","2015-05-20 11:24:21"
"ldap1","bytes_in","0.00","2015-05-20 11:29:25"
"ldap1","bytes_in","0.03","2015-05-20 11:34:30"
"ldap1","bytes_in","1.23","2015-05-20 11:39:38"
"ldap1","bytes_in","0.00","2015-05-20 11:44:45"
"ldap1","bytes_in","1.58","2015-05-20 11:54:56"
"ldap1","bytes_in","0.01","2015-05-20 12:00:04"
"ldap1","bytes_in","2.61","2015-05-20 12:05:10"
"ldap1","bytes_in","0.98","2015-05-20 12:10:14"
"ldap1","bytes_in","3.87","2015-05-20 12:15:18"
"ldap1","bytes_in","1.62","2015-05-20 12:20:22"
"ldap1","bytes_in","0.01","2015-05-20 12:25:25"
"ldap1","bytes_in","1.69","2015-05-20 12:30:29"
"ldap1","bytes_in","0.00","2015-05-20 12:35:33"
"ldap1","bytes_in","1.01","2015-05-20 12:50:44"
"ldap1","bytes_in","0.71","2015-05-20 12:55:47"
"ldap1","bytes_in","2.34","2015-05-20 13:00:51"
"ldap1","bytes_in","0.00","2015-05-20 13:05:55"
"ldap1","bytes_in","0.05","2015-05-20 13:10:59"
"ldap1","bytes_in","2.65","2015-05-20 13:16:03"
"ldap1","bytes_in","3.77","2015-05-20 13:21:07"
"ldap1","bytes_in","0.00","2015-05-20 13:26:11"
"ldap1","bytes_in","0.01","2015-05-20 13:31:14"
"ldap1","bytes_in","0.00","2015-05-20 13:36:18"
"ldap1","bytes_in","0.01","2015-05-20 13:51:28"
"ldap1","bytes_in","4.08","2015-05-20 13:56:32"
"ldap1","bytes_in","3.05","2015-05-20 14:01:36"
"ldap1","bytes_in","2.21","2015-05-20 14:06:39"
"ldap1","bytes_in","0.26","2015-05-20 14:11:43"
"ldap1","bytes_in","3.49","2015-05-20 14:16:47"
"ldap1","bytes_in","0.44","2015-05-20 14:21:50"
"ldap1","bytes_in","0.01","2015-05-20 14:26:54"
"ldap1","bytes_in","0.30","2015-05-20 14:31:57"
"ldap1","bytes_in","2.31","2015-05-20 14:37:01"
"ldap1","bytes_in","0.38","2015-05-20 14:42:04"
"ldap1","bytes_in","1.05","2015-05-20 14:47:08"
"ldap1","bytes_in","0.00","2015-05-20 14:52:11"
"ldap1","bytes_in","0.12","2015-05-20 14:57:15"
"ldap1","bytes_in","0.06","2015-05-20 15:02:18"
"ldap1","bytes_in","2.45","2015-05-20 15:07:22"
"ldap1","bytes_in","4.14","2015-05-20 15:12:25"
"ldap1","bytes_in","10.62","2015-05-20 15:17:29"
"ldap1","bytes_in","2.90","2015-05-20 15:22:33"
"ldap1","bytes_in","2.32","2015-05-20 15:27:36"
"ldap1","bytes_in","0.00","2015-05-20 15:32:40"
"ldap1","bytes_in","1.25","2015-05-20 15:37:43"
"ldap1","bytes_in","3.19","2015-05-20 15:42:47"
"ldap1","bytes_in","2.11","2015-05-20 15:47:51"
"ldap1","bytes_in","0.37","2015-05-20 15:52:54"
"ldap1","bytes_in","0.12","2015-05-20 15:57:58"
"ldap1","bytes_in","1.31","2015-05-20 16:03:01"
"ldap1","bytes_in","1.86","2015-05-20 16:08:05"
"ldap1","bytes_in","1.70","2015-05-20 16:13:08"
"ldap1","bytes_in","0.50","2015-05-20 16:18:12"
"ldap1","bytes_in","1.01","2015-05-20 16:23:16"
"ldap1","bytes_in","0.10","2015-05-20 16:28:20"
"ldap1","bytes_in","1.26","2015-05-20 16:33:23"
"ldap1","bytes_in","2.12","2015-05-20 16:38:27"
"ldap1","bytes_in","1.74","2015-05-20 16:43:30"
"ldap1","bytes_in","0.47","2015-05-20 16:48:34"
"ldap1","bytes_in","2.50","2015-05-20 16:53:37"
"ldap1","bytes_in","0.00","2015-05-20 16:58:41"
"ldap1","bytes_in","0.08","2015-05-20 17:03:44"
"ldap1","bytes_in","2.36","2015-05-20 17:08:48"
"ldap1","bytes_in","0.13","2015-05-20 17:13:52"
"ldap1","bytes_in","0.00","2015-05-20 17:18:55"
"ldap1","bytes_in","0.22","2015-05-20 17:23:59"
"ldap1","bytes_in","4.48","2015-05-20 17:29:02"
"ldap1","bytes_in","1.68","2015-05-20 17:34:06"
"ldap1","bytes_in","1.42","2015-05-20 17:39:09"
"ldap1","bytes_in","0.00","2015-05-20 17:44:13"
"ldap1","bytes_in","1.31","2015-05-20 17:49:16"
"ldap1","bytes_in","1.01","2015-05-20 17:54:20"
"ldap1","bytes_in","2.31","2015-05-20 17:59:25"
"ldap1","bytes_in","0.10","2015-05-20 18:04:28"
"ldap1","bytes_in","2.51","2015-05-20 18:09:32"
"ldap1","bytes_in","0.05","2015-05-20 18:14:35"
"ldap1","bytes_in","0.35","2015-05-20 18:19:39"
"ldap1","bytes_in","0.00","2015-05-20 18:24:42"
"ldap1","bytes_in","0.28","2015-05-20 18:44:56"
"ldap1","bytes_in","1.62","2015-05-20 18:50:00"
"ldap1","bytes_in","1.27","2015-05-20 18:55:04"
"ldap1","bytes_in","0.42","2015-05-20 19:00:07"
"ldap1","bytes_in","1.29","2015-05-20 19:05:11"
"ldap1","bytes_in","0.03","2015-05-20 19:10:14"
"ldap1","bytes_in","0.23","2015-05-20 19:15:18"
"ldap1","bytes_in","0.09","2015-05-20 19:20:21"
"ldap1","bytes_in","1.27","2015-05-20 19:25:25"
"ldap1","bytes_in","0.01","2015-05-20 19:35:32"
"ldap1","bytes_in","1.27","2015-05-20 19:40:35"
"ldap1","bytes_in","0.00","2015-05-20 19:45:39"
"ldap1","bytes_in","1.95","2015-05-20 19:50:42"
"ldap1","bytes_in","2.77","2015-05-20 19:55:46"
"ldap1","bytes_in","2.21","2015-05-20 20:00:49"
"ldap1","bytes_in","1.71","2015-05-20 20:05:53"
"ldap1","bytes_in","4.74","2015-05-20 20:10:57"
"ldap1","bytes_in","0.21","2015-05-20 20:16:00"
"ldap1","bytes_in","0.03","2015-05-20 20:21:04"
"ldap1","bytes_in","1.59","2015-05-20 20:26:07"
"ldap1","bytes_in","0.04","2015-05-20 20:31:11"
"ldap1","bytes_in","5.20","2015-05-20 20:36:14"
"ldap1","bytes_in","1.87","2015-05-20 20:41:18"
"ldap1","bytes_in","3.19","2015-05-20 20:46:22"
"ldap1","bytes_in","0.00","2015-05-20 20:51:26"
"ldap1","bytes_in","0.04","2015-05-21 6:28:10"
"ldap1","bytes_in","0.12","2015-05-21 6:33:13"
"ldap1","bytes_in","1.39","2015-05-21 6:38:18"
"ldap1","bytes_in","9.60","2015-05-21 6:43:36"
"ldap1","bytes_in","10.95","2015-05-21 6:48:45"
"ldap1","bytes_in","11.49","2015-05-21 6:53:51"
"ldap1","bytes_in","10.95","2015-05-21 6:59:01"
"ldap1","bytes_in","11.40","2015-05-21 7:04:11"
"ldap1","bytes_in","0.82","2015-05-21 7:09:21"
"ldap1","bytes_in","0.00","2015-05-21 7:14:24"
"ldap1","bytes_in","0.96","2015-05-21 8:50:32"
"ldap1","bytes_in","1.37","2015-05-21 8:55:35"
"ldap1","bytes_in","0.89","2015-05-21 9:00:39"
"ldap1","bytes_in","3.31","2015-05-21 9:05:42"
"ldap1","bytes_in","1.66","2015-05-21 9:10:46"
"ldap1","bytes_in","0.45","2015-05-21 9:15:49"
"ldap1","bytes_in","0.01","2015-05-21 9:20:52"
"ldap1","bytes_in","1.24","2015-05-21 9:25:56"
"ldap1","bytes_in","0.01","2015-05-21 9:30:59"
"ldap1","bytes_in","0.21","2015-05-21 9:41:07"
"ldap1","bytes_in","1.19","2015-05-21 9:46:10"
"ldap1","bytes_in","1.52","2015-05-21 9:51:14"
"ldap1","bytes_in","0.05","2015-05-21 9:56:18"
"ldap1","bytes_in","0.01","2015-05-21 10:01:22"
"ldap1","bytes_in","1.59","2015-05-21 10:06:25"
"ldap1","bytes_in","2.25","2015-05-21 10:11:28"
"ldap1","bytes_in","3.46","2015-05-21 10:16:32"
"ldap1","bytes_in","0.86","2015-05-21 10:21:36"
"ldap1","bytes_in","1.49","2015-05-21 10:26:39"
"ldap1","bytes_in","0.00","2015-05-21 10:31:43"
"ldap1","bytes_in","3.36","2015-05-21 10:41:49"
"ldap1","bytes_in","0.00","2015-05-21 10:46:53"
"ldap1","bytes_in","6.35","2015-05-21 10:51:56"
"ldap1","bytes_in","0.19","2015-05-21 10:57:00"
"ldap1","bytes_in","0.00","2015-05-21 11:02:03"
"ldap1","bytes_in","2.48","2015-05-21 11:07:07"
"ldap1","bytes_in","11.33","2015-05-21 11:12:11"
"ldap1","bytes_in","9.11","2015-05-21 11:17:15"
"ldap1","bytes_in","5.77","2015-05-21 11:22:19"
"ldap1","bytes_in","2.24","2015-05-21 11:27:24"
"ldap1","bytes_in","3.49","2015-05-21 11:32:27"
"ldap1","bytes_in","1.44","2015-05-21 11:37:31"
"ldap1","bytes_in","2.40","2015-05-21 11:42:36"
"ldap1","bytes_in","0.38","2015-05-21 11:47:40"
"ldap1","bytes_in","2.89","2015-05-21 11:52:43"
"ldap1","bytes_in","1.36","2015-05-21 11:57:47"
"ldap1","bytes_in","0.04","2015-05-21 12:02:50"
"ldap1","bytes_in","1.57","2015-05-21 12:07:54"
"ldap1","bytes_in","2.05","2015-05-21 12:12:57"
"ldap1","bytes_in","0.00","2015-05-21 12:18:01"
"ldap1","bytes_in","1.64","2015-05-21 13:03:32"
"ldap1","bytes_in","4.36","2015-05-21 13:08:36"
"ldap1","bytes_in","0.67","2015-05-21 13:13:39"
"ldap1","bytes_in","1.78","2015-05-21 13:18:43"
"ldap1","bytes_in","4.30","2015-05-21 13:23:46"
"ldap1","bytes_in","0.11","2015-05-21 13:28:50"
"ldap1","bytes_in","0.05","2015-05-21 13:33:53"
"ldap1","bytes_in","1.85","2015-05-21 13:38:57"
"ldap1","bytes_in","0.59","2015-05-21 13:44:02"
"ldap1","bytes_in","3.54","2015-05-21 13:49:06"
"ldap1","bytes_in","4.49","2015-05-21 13:54:09"
"ldap1","bytes_in","3.01","2015-05-21 13:59:13"
"ldap1","bytes_in","3.47","2015-05-21 14:04:16"
"ldap1","bytes_in","0.00","2015-05-21 14:09:20"
"ldap1","bytes_in","0.04","2015-05-21 14:14:24"
"ldap1","bytes_in","0.01","2015-05-21 14:19:27"
"ldap1","bytes_in","0.00","2015-05-21 14:24:31"
"ldap1","bytes_in","2.36","2015-05-21 14:29:34"
"ldap1","bytes_in","0.00","2015-05-21 14:34:38"
"ldap1","bytes_in","0.09","2015-05-21 14:59:55"
"ldap1","bytes_in","1.48","2015-05-21 15:04:59"
"ldap1","bytes_in","0.03","2015-05-21 15:10:02"
"ldap1","bytes_in","2.46","2015-05-21 15:15:07"
"ldap1","bytes_in","1.00","2015-05-21 15:20:10"
"ldap1","bytes_in","0.00","2015-05-21 15:25:14"
"ldap1","bytes_in","5.11","2015-05-21 15:35:20"
"ldap1","bytes_in","0.00","2015-05-21 15:40:24"
"ldap1","bytes_in","0.87","2015-05-21 15:55:35"
"ldap1","bytes_in","2.45","2015-05-21 16:00:38"
"ldap1","bytes_in","0.04","2015-05-21 16:05:41"
"ldap1","bytes_in","0.01","2015-05-21 16:10:45"
"ldap1","bytes_in","3.77","2015-05-21 16:15:49"
"ldap1","bytes_in","0.17","2015-05-21 16:20:53"
"ldap1","bytes_in","3.28","2015-05-21 16:25:57"
"ldap1","bytes_in","1.78","2015-05-21 16:31:01"
"ldap1","bytes_in","1.45","2015-05-21 16:36:04"
"ldap1","bytes_in","0.57","2015-05-21 16:41:08"
"ldap1","bytes_in","3.22","2015-05-21 16:46:11"
"ldap1","bytes_in","0.00","2015-05-21 16:51:15"
"ldap1","bytes_in","1.90","2015-05-21 16:56:18"
"ldap1","bytes_in","0.15","2015-05-21 17:01:23"
"ldap1","bytes_in","0.46","2015-05-21 17:06:27"
"ldap1","bytes_in","0.09","2015-05-21 17:11:31"
"ldap1","bytes_in","0.43","2015-05-21 17:16:35"
"ldap1","bytes_in","1.86","2015-05-21 17:21:38"
"ldap1","bytes_in","3.83","2015-05-21 17:26:42"
"ldap1","bytes_in","2.86","2015-05-21 17:31:46"
"ldap1","bytes_in","2.52","2015-05-21 17:36:49"
"ldap1","bytes_in","3.70","2015-05-21 17:41:53"
"ldap1","bytes_in","1.26","2015-05-21 17:46:56"
"ldap1","bytes_in","0.01","2015-05-21 17:52:00"
"ldap1","bytes_in","1.07","2015-05-21 17:57:03"
"ldap1","bytes_in","0.48","2015-05-21 18:02:07"
"ldap1","bytes_in","2.49","2015-05-21 18:07:10"
"ldap1","bytes_in","8.64","2015-05-21 18:12:15"
"ldap1","bytes_in","1.25","2015-05-21 18:17:19"
"ldap1","bytes_in","2.13","2015-05-21 18:22:23"
"ldap1","bytes_in","0.01","2015-05-21 18:27:27"
"ldap1","bytes_in","0.75","2015-05-21 18:32:31"
"ldap1","bytes_in","3.91","2015-05-21 18:37:34"
"ldap1","bytes_in","0.23","2015-05-21 18:42:38"
"ldap1","bytes_in","0.00","2015-05-21 18:47:41"
"ldap1","bytes_in","1.56","2015-05-21 18:52:45"
"ldap1","bytes_in","0.12","2015-05-21 18:57:48"
"ldap1","bytes_in","2.11","2015-05-21 19:02:52"
"ldap1","bytes_in","1.94","2015-05-21 19:07:55"
"ldap1","bytes_in","0.40","2015-05-21 19:12:59"
"ldap1","bytes_in","0.01","2015-05-21 19:18:03"
"ldap1","bytes_in","0.00","2015-05-21 19:28:10"
"ldap1","bytes_in","0.01","2015-05-21 19:33:13"
"ldap1","bytes_in","0.00","2015-05-21 19:43:20"
"ldap1","bytes_in","0.76","2015-05-21 19:48:24"
"ldap1","bytes_in","1.23","2015-05-21 19:53:27"
"ldap1","bytes_in","1.06","2015-05-21 19:58:31"
"ldap1","bytes_in","0.00","2015-05-21 20:03:34"
"ldap1","bytes_in","4.09","2015-05-21 20:08:38"
"ldap1","bytes_in","0.01","2015-05-21 20:13:41"
"ldap1","bytes_in","0.00","2015-05-21 20:18:45"
"ldap1","bytes_in","0.01","2015-05-21 20:23:48"
"ldap1","bytes_in","2.17","2015-05-21 20:28:53"
"ldap1","bytes_in","3.18","2015-05-21 20:33:56"
"ldap1","bytes_in","3.34","2015-05-21 20:39:00"
"ldap1","bytes_in","7.06","2015-05-21 20:44:03"
"ldap1","bytes_in","2.97","2015-05-21 20:49:07"
"ldap1","bytes_in","0.00","2015-05-21 20:54:11"
"ldap1","bytes_in","6.20","2015-05-21 21:04:19"
"ldap1","bytes_in","9.47","2015-05-21 21:09:24"
"ldap1","bytes_in","9.23","2015-05-21 21:14:34"
"ldap1","bytes_in","9.21","2015-05-21 21:19:44"
"ldap1","bytes_in","9.47","2015-05-21 21:24:54"
"ldap1","bytes_in","8.02","2015-05-21 21:30:03"
"ldap1","bytes_in","2.52","2015-05-21 21:35:06"
"ldap1","bytes_in","0.00","2015-05-21 21:40:10"
"ldap1","bytes_in","0.02","2015-05-22 6:26:36"
"ldap1","bytes_in","0.14","2015-05-22 6:31:39"
"ldap1","bytes_in","0.00","2015-05-22 6:36:43"
"ldap1","bytes_in","0.16","2015-05-22 8:53:19"
"ldap1","bytes_in","2.14","2015-05-22 8:58:23"
"ldap1","bytes_in","1.67","2015-05-22 9:03:26"
"ldap1","bytes_in","3.81","2015-05-22 9:08:30"
"ldap1","bytes_in","4.96","2015-05-22 9:13:33"
"ldap1","bytes_in","3.30","2015-05-22 9:18:37"
"ldap1","bytes_in","3.65","2015-05-22 9:23:40"
"ldap1","bytes_in","4.11","2015-05-22 9:28:44"
"ldap1","bytes_in","0.00","2015-05-22 9:33:47"
"ldap1","bytes_in","1.28","2015-05-22 9:38:51"
"ldap1","bytes_in","4.79","2015-05-22 9:43:55"
"ldap1","bytes_in","2.96","2015-05-22 9:48:58"
"ldap1","bytes_in","0.86","2015-05-22 9:54:02"
"ldap1","bytes_in","2.21","2015-05-22 9:59:06"
"ldap1","bytes_in","4.06","2015-05-22 10:04:09"
"ldap1","bytes_in","5.86","2015-05-22 10:09:13"
"ldap1","bytes_in","2.70","2015-05-22 10:14:16"
"ldap1","bytes_in","0.00","2015-05-22 10:19:20"
"ldap1","bytes_in","0.66","2015-05-22 10:29:27"
"ldap1","bytes_in","0.59","2015-05-22 10:34:30"
"ldap1","bytes_in","0.02","2015-05-22 10:39:34"
"ldap1","bytes_in","2.07","2015-05-22 10:44:37"
"ldap1","bytes_in","0.71","2015-05-22 10:49:41"
"ldap1","bytes_in","0.01","2015-05-22 10:54:44"
"ldap1","bytes_in","4.99","2015-05-22 10:59:48"
"ldap1","bytes_in","4.31","2015-05-22 11:04:52"
"ldap1","bytes_in","3.08","2015-05-22 11:09:57"
"ldap1","bytes_in","2.42","2015-05-22 11:15:00"
"ldap1","bytes_in","4.45","2015-05-22 11:20:04"
"ldap1","bytes_in","1.92","2015-05-22 11:25:07"
"ldap1","bytes_in","0.00","2015-05-22 11:30:11"
"ldap1","bytes_in","0.16","2015-05-22 11:35:14"
"ldap1","bytes_in","5.24","2015-05-22 11:40:18"
"ldap1","bytes_in","3.40","2015-05-22 11:45:21"
"ldap1","bytes_in","0.94","2015-05-22 11:50:25"
"ldap1","bytes_in","0.00","2015-05-22 11:55:29"
"ldap1","bytes_in","2.45","2015-05-22 12:00:32"
"ldap1","bytes_in","0.07","2015-05-22 12:05:36"
"ldap1","bytes_in","2.23","2015-05-22 12:10:40"
"ldap1","bytes_in","0.20","2015-05-22 12:15:43"
"ldap1","bytes_in","0.62","2015-05-22 12:20:47"
"ldap1","bytes_in","3.68","2015-05-22 12:25:50"
"ldap1","bytes_in","2.89","2015-05-22 12:30:54"
"ldap1","bytes_in","2.73","2015-05-22 12:35:57"
"ldap1","bytes_in","2.29","2015-05-22 12:41:01"
"ldap1","bytes_in","1.03","2015-05-22 12:46:04"
"ldap1","bytes_in","0.00","2015-05-22 12:51:08"

